model,dtype,m,n,k,threads,pool,discriminates,nc,mc,nib,njb,ic_nt,jc_nt,ic_imbalance,jc_imbalance,packedB_bytes,l3_detected,reps,rounds,best_seconds,gflops,ratio_vs_m0,exact_vs_m0,checksum
m0_default,float,6,8192,1024,6,6,1,4096,6,1,2,1,2,1.000000,1.000000,16777216,15728640,3,12,0.017497071,5.7532,1.000000,1,15342695603022407833
m1_balanced,float,6,8192,1024,6,6,1,4096,6,1,2,1,2,1.000000,1.000000,16777216,15728640,3,12,0.017482672,5.7579,1.000824,1,15342695603022407833
m2_detected,float,6,8192,1024,6,6,1,4096,6,1,2,1,2,1.000000,1.000000,16777216,15728640,3,12,0.017356698,5.7997,1.008088,1,15342695603022407833
m3_per_team,float,6,8192,1024,6,6,1,2048,6,1,4,1,4,1.000000,1.000000,16777216,15728640,3,12,0.014872941,6.7682,1.176437,1,15342695603022407833
m4_per_sharer,float,6,8192,1024,6,6,1,1024,6,1,8,1,6,1.000000,1.500000,12582912,15728640,3,12,0.012152195,8.2835,1.439828,1,15342695603022407833
m5_exact,float,6,8192,1024,6,6,1,4096,6,1,2,1,2,1.000000,1.000000,16777216,15728640,3,12,0.017513982,5.7476,0.999034,1,15342695603022407833
m6_guarded,float,6,8192,1024,6,6,1,4096,6,1,2,1,2,1.000000,1.000000,16777216,15728640,3,12,0.017438437,5.7725,1.003362,1,15342695603022407833
m7_sharer_gated,float,6,8192,1024,6,6,1,1024,6,1,8,1,6,1.000000,1.500000,12582912,15728640,3,12,0.012066495,8.3424,1.450054,1,15342695603022407833
m0_default,float,6,12288,1024,6,6,1,4096,6,1,3,1,3,1.000000,1.000000,25165824,15728640,3,12,0.036719911,4.1121,1.000000,1,3932679931326541221
m1_balanced,float,6,12288,1024,6,6,1,4096,6,1,3,1,3,1.000000,1.000000,25165824,15728640,3,12,0.036706372,4.1136,1.000369,1,3932679931326541221
m2_detected,float,6,12288,1024,6,6,1,4096,6,1,3,1,3,1.000000,1.000000,25165824,15728640,3,12,0.036650063,4.1199,1.001906,1,3932679931326541221
m3_per_team,float,6,12288,1024,6,6,1,2048,6,1,6,1,6,1.000000,1.000000,25165824,15728640,3,12,0.032997620,4.5759,1.112805,1,3932679931326541221
m4_per_sharer,float,6,12288,1024,6,6,1,1024,6,1,12,1,6,1.000000,1.000000,12582912,15728640,3,12,0.017386093,8.6848,2.112028,1,3932679931326541221
m5_exact,float,6,12288,1024,6,6,1,4096,6,1,3,1,3,1.000000,1.000000,25165824,15728640,3,12,0.036846960,4.0979,0.996552,1,3932679931326541221
m6_guarded,float,6,12288,1024,6,6,1,4096,6,1,3,1,3,1.000000,1.000000,25165824,15728640,3,12,0.036726552,4.1113,0.999819,1,3932679931326541221
m7_sharer_gated,float,6,12288,1024,6,6,1,1024,6,1,12,1,6,1.000000,1.000000,12582912,15728640,3,12,0.017432857,8.6615,2.106362,1,3932679931326541221
m0_default,float,6,20480,1024,6,6,1,4096,6,1,5,1,5,1.000000,1.000000,41943040,15728640,3,12,0.054500483,4.6175,1.000000,1,1691725418079798358
m1_balanced,float,6,20480,1024,6,6,1,4096,6,1,5,1,5,1.000000,1.000000,41943040,15728640,3,12,0.054511365,4.6166,0.999800,1,1691725418079798358
m2_detected,float,6,20480,1024,6,6,1,4096,6,1,5,1,5,1.000000,1.000000,41943040,15728640,3,12,0.055020490,4.5739,0.990549,1,1691725418079798358
m3_per_team,float,6,20480,1024,6,6,1,1366,6,1,15,1,6,1.000000,1.200000,16809984,15728640,3,12,0.032156885,7.8260,1.694831,1,1691725418079798358
m4_per_sharer,float,6,20480,1024,6,6,1,1024,6,1,20,1,6,1.000000,1.200000,12582912,15728640,3,12,0.028823147,8.7311,1.890858,1,1691725418079798358
m5_exact,float,6,20480,1024,6,6,1,4096,6,1,5,1,5,1.000000,1.000000,41943040,15728640,3,12,0.054490152,4.6184,1.000190,1,1691725418079798358
m6_guarded,float,6,20480,1024,6,6,1,4096,6,1,5,1,5,1.000000,1.000000,41943040,15728640,3,12,0.054346001,4.6307,1.002843,1,1691725418079798358
m7_sharer_gated,float,6,20480,1024,6,6,1,1024,6,1,20,1,6,1.000000,1.200000,12582912,15728640,3,12,0.028780020,8.7442,1.893692,1,1691725418079798358
m0_default,float,6,28672,1024,6,6,1,4096,6,1,7,1,6,1.000000,1.714286,50331648,15728640,3,12,0.072115498,4.8855,1.000000,1,5497625797905440125
m1_balanced,float,6,28672,1024,6,6,1,2390,6,1,12,1,6,1.000000,1.000000,29392896,15728640,3,12,0.048647311,7.2424,1.482415,1,5497625797905440125
m2_detected,float,6,28672,1024,6,6,1,4779,6,1,6,1,6,1.000000,1.000000,58785792,15728640,3,12,0.076259163,4.6201,0.945663,1,5497625797905440125
m3_per_team,float,6,28672,1024,6,6,1,1195,6,1,24,1,6,1.000000,1.000000,14745600,15728640,3,12,0.043505997,8.0982,1.657599,1,5497625797905440125
m4_per_sharer,float,6,28672,1024,6,6,1,1195,6,1,24,1,6,1.000000,1.000000,14745600,15728640,3,12,0.043505752,8.0983,1.657608,1,5497625797905440125
m5_exact,float,6,28672,1024,6,6,1,4784,6,1,6,1,6,1.000000,1.000000,58785792,15728640,3,12,0.076249740,4.6206,0.945780,1,5497625797905440125
m6_guarded,float,6,28672,1024,6,6,1,2390,6,1,12,1,6,1.000000,1.000000,29392896,15728640,3,12,0.048543945,7.2578,1.485571,1,5497625797905440125
m7_sharer_gated,float,6,28672,1024,6,6,1,1195,6,1,24,1,6,1.000000,1.000000,14745600,15728640,3,12,0.043528274,8.0941,1.656751,1,5497625797905440125
m0_default,float,6,32768,1024,6,6,1,4096,6,1,8,1,6,1.000000,1.500000,50331648,15728640,3,12,0.063315880,6.3594,1.000000,1,13712642895787631228
m1_balanced,float,6,32768,1024,6,6,1,2731,6,1,12,1,6,1.000000,1.000000,33619968,15728640,3,12,0.055671929,7.2326,1.137303,1,13712642895787631228
m2_detected,float,6,32768,1024,6,6,1,5462,6,1,6,1,6,1.000000,1.000000,67141632,15728640,3,12,0.079895351,5.0398,0.792485,1,13712642895787631228
m3_per_team,float,6,32768,1024,6,6,1,1093,6,1,30,1,6,1.000000,1.000000,13467648,15728640,3,12,0.047035285,8.5607,1.346136,1,13712642895787631228
m4_per_sharer,float,6,32768,1024,6,6,1,1093,6,1,30,1,6,1.000000,1.000000,13467648,15728640,3,12,0.046824223,8.5992,1.352204,1,13712642895787631228
m5_exact,float,6,32768,1024,6,6,1,5464,6,1,6,1,6,1.000000,1.000000,67141632,15728640,3,12,0.081411846,4.9459,0.777723,1,13712642895787631228
m6_guarded,float,6,32768,1024,6,6,1,2731,6,1,12,1,6,1.000000,1.000000,33619968,15728640,3,12,0.055696016,7.2295,1.136812,1,13712642895787631228
m7_sharer_gated,float,6,32768,1024,6,6,1,1093,6,1,30,1,6,1.000000,1.000000,13467648,15728640,3,12,0.046920552,8.5816,1.349427,1,13712642895787631228
m0_default,float,12,8192,1024,6,6,1,4096,6,2,2,2,2,1.000000,1.000000,16777216,15728640,3,12,0.015006004,13.4164,1.000000,1,4637730378167706851
m1_balanced,float,12,8192,1024,6,6,1,4096,6,2,2,2,2,1.000000,1.000000,16777216,15728640,3,12,0.014850548,13.5568,1.010468,1,4637730378167706851
m2_detected,float,12,8192,1024,6,6,1,4096,6,2,2,2,2,1.000000,1.000000,16777216,15728640,3,12,0.014951444,13.4654,1.003649,1,4637730378167706851
m3_per_team,float,12,8192,1024,6,6,1,2048,6,2,4,2,3,1.000000,1.500000,12582912,15728640,3,12,0.013364370,15.0644,1.122837,1,4637730378167706851
m4_per_sharer,float,12,8192,1024,6,6,1,1024,6,2,8,2,3,1.000000,1.125000,6291456,15728640,3,12,0.008318876,24.2012,1.803850,1,4637730378167706851
m5_exact,float,12,8192,1024,6,6,1,4096,6,2,2,2,2,1.000000,1.000000,16777216,15728640,3,12,0.014976050,13.4432,1.002000,1,4637730378167706851
m6_guarded,float,12,8192,1024,6,6,1,4096,6,2,2,2,2,1.000000,1.000000,16777216,15728640,3,12,0.014782875,13.6189,1.015094,1,4637730378167706851
m7_sharer_gated,float,12,8192,1024,6,6,1,1024,6,2,8,2,3,1.000000,1.125000,6291456,15728640,3,12,0.008276967,24.3237,1.812983,1,4637730378167706851
m0_default,float,12,12288,1024,6,6,1,4096,6,2,3,2,3,1.000000,1.000000,25165824,15728640,3,12,0.022472787,13.4380,1.000000,1,18171814436285165683
m1_balanced,float,12,12288,1024,6,6,1,4096,6,2,3,2,3,1.000000,1.000000,25165824,15728640,3,12,0.022436645,13.4597,1.001611,1,18171814436285165683
m2_detected,float,12,12288,1024,6,6,1,4096,6,2,3,2,3,1.000000,1.000000,25165824,15728640,3,12,0.022451943,13.4505,1.000928,1,18171814436285165683
m3_per_team,float,12,12288,1024,6,6,1,2048,6,2,6,2,3,1.000000,1.000000,12582912,15728640,3,12,0.017618805,17.1402,1.275500,1,18171814436285165683
m4_per_sharer,float,12,12288,1024,6,6,1,1024,6,2,12,2,3,1.000000,1.000000,6291456,15728640,3,12,0.011351323,26.6039,1.979751,1,18171814436285165683
m5_exact,float,12,12288,1024,6,6,1,4096,6,2,3,2,3,1.000000,1.000000,25165824,15728640,3,12,0.022510588,13.4155,0.998321,1,18171814436285165683
m6_guarded,float,12,12288,1024,6,6,1,4096,6,2,3,2,3,1.000000,1.000000,25165824,15728640,3,12,0.022505758,13.4183,0.998535,1,18171814436285165683
m7_sharer_gated,float,12,12288,1024,6,6,1,1024,6,2,12,2,3,1.000000,1.000000,6291456,15728640,3,12,0.011284759,26.7609,1.991428,1,18171814436285165683
m0_default,float,12,20480,1024,6,6,1,4096,6,2,5,2,3,1.000000,1.200000,25165824,15728640,3,12,0.035222948,14.2894,1.000000,1,10958544217794727372
m1_balanced,float,12,20480,1024,6,6,1,3414,6,2,6,2,3,1.000000,1.000000,20987904,15728640,3,12,0.034279222,14.6828,1.027531,1,10958544217794727372
m2_detected,float,12,20480,1024,6,6,1,6827,6,2,3,2,3,1.000000,1.000000,41975808,15728640,3,12,0.038155038,13.1914,0.923153,1,10958544217794727372
m3_per_team,float,12,20480,1024,6,6,1,2276,6,2,9,2,3,1.000000,1.000000,14008320,15728640,3,12,0.030406510,16.5529,1.158402,1,10958544217794727372
m4_per_sharer,float,12,20480,1024,6,6,1,1138,6,2,18,2,3,1.000000,1.000000,7028736,15728640,3,12,0.019141438,26.2946,1.840141,1,10958544217794727372
m5_exact,float,12,20480,1024,6,6,1,6832,6,2,3,2,3,1.000000,1.000000,41975808,15728640,3,12,0.038002535,13.2443,0.926858,1,10958544217794727372
m6_guarded,float,12,20480,1024,6,6,1,3414,6,2,6,2,3,1.000000,1.000000,20987904,15728640,3,12,0.034266248,14.6884,1.027920,1,10958544217794727372
m7_sharer_gated,float,12,20480,1024,6,6,1,1138,6,2,18,2,3,1.000000,1.000000,7028736,15728640,3,12,0.019175286,26.2482,1.836893,1,10958544217794727372
m0_default,float,12,28672,1024,6,6,1,4096,6,2,7,2,3,1.000000,1.285714,25165824,15728640,3,12,0.049241031,14.3101,1.000000,1,6182093372690929160
m1_balanced,float,12,28672,1024,6,6,1,3186,6,2,9,2,3,1.000000,1.000000,19611648,15728640,3,12,0.046273388,15.2278,1.064133,1,6182093372690929160
m2_detected,float,12,28672,1024,6,6,1,4779,6,2,6,2,3,1.000000,1.000000,29392896,15728640,3,12,0.049351327,14.2781,0.997765,1,6182093372690929160
m3_per_team,float,12,28672,1024,6,6,1,2390,6,2,12,2,3,1.000000,1.000000,14696448,15728640,3,12,0.042929644,16.4139,1.147017,1,6182093372690929160
m4_per_sharer,float,12,28672,1024,6,6,1,1195,6,2,24,2,3,1.000000,1.000000,7372800,15728640,3,12,0.027018617,26.0799,1.822485,1,6182093372690929160
m5_exact,float,12,28672,1024,6,6,1,4779,6,2,6,2,3,1.000000,1.000000,29392896,15728640,3,12,0.049351291,14.2781,0.997766,1,6182093372690929160
m6_guarded,float,12,28672,1024,6,6,1,3186,6,2,9,2,3,1.000000,1.000000,19611648,15728640,3,12,0.046311568,15.2153,1.063256,1,6182093372690929160
m7_sharer_gated,float,12,28672,1024,6,6,1,1195,6,2,24,2,3,1.000000,1.000000,7372800,15728640,3,12,0.026978195,26.1190,1.825216,1,6182093372690929160
m0_default,float,12,32768,1024,6,6,1,4096,6,2,8,2,3,1.000000,1.125000,25165824,15728640,3,12,0.054004705,14.9118,1.000000,1,10787615717604896616
m1_balanced,float,12,32768,1024,6,6,1,3641,6,2,9,2,3,1.000000,1.000000,22413312,15728640,3,12,0.053589155,15.0274,1.007754,1,10787615717604896616
m2_detected,float,12,32768,1024,6,6,1,5462,6,2,6,2,3,1.000000,1.000000,33570816,15728640,3,12,0.055911859,14.4031,0.965890,1,10787615717604896616
m3_per_team,float,12,32768,1024,6,6,1,2185,6,2,15,2,3,1.000000,1.000000,13467648,15728640,3,12,0.046903737,17.1693,1.151394,1,10787615717604896616
m4_per_sharer,float,12,32768,1024,6,6,1,1214,6,2,27,2,3,1.000000,1.000000,7471104,15728640,3,12,0.031133241,25.8664,1.734632,1,10787615717604896616
m5_exact,float,12,32768,1024,6,6,1,5462,6,2,6,2,3,1.000000,1.000000,33570816,15728640,3,12,0.056028432,14.3732,0.963880,1,10787615717604896616
m6_guarded,float,12,32768,1024,6,6,1,3641,6,2,9,2,3,1.000000,1.000000,22413312,15728640,3,12,0.053607364,15.0223,1.007412,1,10787615717604896616
m7_sharer_gated,float,12,32768,1024,6,6,1,1214,6,2,27,2,3,1.000000,1.000000,7471104,15728640,3,12,0.031195577,25.8148,1.731165,1,10787615717604896616
m0_default,float,18,8192,1024,6,6,1,4096,6,3,2,3,2,1.000000,1.000000,16777216,15728640,3,12,0.014541539,20.7674,1.000000,1,13241448782805738417
m1_balanced,float,18,8192,1024,6,6,1,4096,6,3,2,3,2,1.000000,1.000000,16777216,15728640,3,12,0.014502445,20.8234,1.002696,1,13241448782805738417
m2_detected,float,18,8192,1024,6,6,1,4096,6,3,2,3,2,1.000000,1.000000,16777216,15728640,3,12,0.014492268,20.8380,1.003400,1,13241448782805738417
m3_per_team,float,18,8192,1024,6,6,1,2048,6,3,4,3,2,1.000000,1.000000,8388608,15728640,3,12,0.009970134,30.2895,1.458510,1,13241448782805738417
m4_per_sharer,float,18,8192,1024,6,6,1,1024,6,3,8,3,2,1.000000,1.000000,4194304,15728640,3,12,0.007413792,40.7335,1.961417,1,13241448782805738417
m5_exact,float,18,8192,1024,6,6,1,4096,6,3,2,3,2,1.000000,1.000000,16777216,15728640,3,12,0.014513705,20.8072,1.001918,1,13241448782805738417
m6_guarded,float,18,8192,1024,6,6,1,4096,6,3,2,3,2,1.000000,1.000000,16777216,15728640,3,12,0.014508017,20.8154,1.002311,1,13241448782805738417
m7_sharer_gated,float,18,8192,1024,6,6,1,1024,6,3,8,3,2,1.000000,1.000000,4194304,15728640,3,12,0.007352316,41.0741,1.977818,1,13241448782805738417
m0_default,float,18,12288,1024,6,6,1,4096,6,3,3,3,2,1.000000,1.333333,16777216,15728640,3,12,0.021514613,21.0548,1.000000,1,8910357486793218481
m1_balanced,float,18,12288,1024,6,6,1,3072,6,3,4,3,2,1.000000,1.000000,12582912,15728640,3,12,0.018605327,24.3470,1.156368,1,8910357486793218481
m2_detected,float,18,12288,1024,6,6,1,6144,6,3,2,3,2,1.000000,1.000000,25165824,15728640,3,12,0.022892124,19.7878,0.939826,1,8910357486793218481
m3_per_team,float,18,12288,1024,6,6,1,3072,6,3,4,3,2,1.000000,1.000000,12582912,15728640,3,12,0.018566599,24.3978,1.158781,1,8910357486793218481
m4_per_sharer,float,18,12288,1024,6,6,1,1229,6,3,10,3,2,1.000000,1.000000,5046272,15728640,3,12,0.011666589,38.8275,1.844122,1,8910357486793218481
m5_exact,float,18,12288,1024,6,6,1,6144,6,3,2,3,2,1.000000,1.000000,25165824,15728640,3,12,0.022888712,19.7908,0.939966,1,8910357486793218481
m6_guarded,float,18,12288,1024,6,6,1,3072,6,3,4,3,2,1.000000,1.000000,12582912,15728640,3,12,0.018555007,24.4131,1.159504,1,8910357486793218481
m7_sharer_gated,float,18,12288,1024,6,6,1,1229,6,3,10,3,2,1.000000,1.000000,5046272,15728640,3,12,0.011589831,39.0847,1.856335,1,8910357486793218481
m0_default,float,18,20480,1024,6,6,1,4096,6,3,5,3,2,1.000000,1.200000,16777216,15728640,3,12,0.033653231,22.4339,1.000000,1,5962129044086854564
m1_balanced,float,18,20480,1024,6,6,1,3414,6,3,6,3,2,1.000000,1.000000,13991936,15728640,3,12,0.031451180,24.0047,1.070015,1,5962129044086854564
m2_detected,float,18,20480,1024,6,6,1,5120,6,3,4,3,2,1.000000,1.000000,20971520,15728640,3,12,0.034671069,21.7754,0.970643,1,5962129044086854564
m3_per_team,float,18,20480,1024,6,6,1,3414,6,3,6,3,2,1.000000,1.000000,13991936,15728640,3,12,0.031400601,24.0433,1.071738,1,5962129044086854564
m4_per_sharer,float,18,20480,1024,6,6,1,1280,6,3,16,3,2,1.000000,1.000000,5242880,15728640,3,12,0.019167397,39.3885,1.755754,1,5962129044086854564
m5_exact,float,18,20480,1024,6,6,1,5120,6,3,4,3,2,1.000000,1.000000,20971520,15728640,3,12,0.034621843,21.8063,0.972023,1,5962129044086854564
m6_guarded,float,18,20480,1024,6,6,1,3414,6,3,6,3,2,1.000000,1.000000,13991936,15728640,3,12,0.031332602,24.0955,1.074064,1,5962129044086854564
m7_sharer_gated,float,18,20480,1024,6,6,1,1280,6,3,16,3,2,1.000000,1.000000,5242880,15728640,3,12,0.018681337,40.4133,1.801436,1,5962129044086854564
m0_default,float,18,28672,1024,6,6,1,4096,6,3,7,3,2,1.000000,1.142857,16777216,15728640,3,12,0.046029758,22.9626,1.000000,1,14205077991476558738
m1_balanced,float,18,28672,1024,6,6,1,3584,6,3,8,3,2,1.000000,1.000000,14680064,15728640,3,12,0.043929526,24.0605,1.047809,1,14205077991476558738
m2_detected,float,18,28672,1024,6,6,1,7168,6,3,4,3,2,1.000000,1.000000,29360128,15728640,3,12,0.049361531,21.4127,0.932503,1,14205077991476558738
m3_per_team,float,18,28672,1024,6,6,1,3584,6,3,8,3,2,1.000000,1.000000,14680064,15728640,3,12,0.044063888,23.9871,1.044614,1,14205077991476558738
m4_per_sharer,float,18,28672,1024,6,6,1,1195,6,3,24,3,2,1.000000,1.000000,4915200,15728640,3,12,0.025871732,40.8540,1.779153,1,14205077991476558738
m5_exact,float,18,28672,1024,6,6,1,7168,6,3,4,3,2,1.000000,1.000000,29360128,15728640,3,12,0.049352832,21.4165,0.932667,1,14205077991476558738
m6_guarded,float,18,28672,1024,6,6,1,3584,6,3,8,3,2,1.000000,1.000000,14680064,15728640,3,12,0.043793865,24.1350,1.051055,1,14205077991476558738
m7_sharer_gated,float,18,28672,1024,6,6,1,1195,6,3,24,3,2,1.000000,1.000000,4915200,15728640,3,12,0.026062378,40.5552,1.766138,1,14205077991476558738
m0_default,float,18,32768,1024,6,6,1,4096,6,3,8,3,2,1.000000,1.000000,16777216,15728640,3,12,0.051759378,23.3380,1.000000,1,1538122854786973344
m1_balanced,float,18,32768,1024,6,6,1,4096,6,3,8,3,2,1.000000,1.000000,16777216,15728640,3,12,0.051590159,23.4145,1.003280,1,1538122854786973344
m2_detected,float,18,32768,1024,6,6,1,5462,6,3,6,3,2,1.000000,1.000000,22380544,15728640,3,12,0.054345144,22.2276,0.952420,1,1538122854786973344
m3_per_team,float,18,32768,1024,6,6,1,3277,6,3,10,3,2,1.000000,1.000000,13434880,15728640,3,12,0.047879365,25.2292,1.081037,1,1538122854786973344
m4_per_sharer,float,18,32768,1024,6,6,1,1261,6,3,26,3,2,1.000000,1.000000,5177344,15728640,3,12,0.029855555,40.4601,1.733660,1,1538122854786973344
m5_exact,float,18,32768,1024,6,6,1,5462,6,3,6,3,2,1.000000,1.000000,22380544,15728640,3,12,0.054432974,22.1917,0.950883,1,1538122854786973344
m6_guarded,float,18,32768,1024,6,6,1,4096,6,3,8,3,2,1.000000,1.000000,16777216,15728640,3,12,0.051676207,23.3755,1.001609,1,1538122854786973344
m7_sharer_gated,float,18,32768,1024,6,6,1,1261,6,3,26,3,2,1.000000,1.000000,5177344,15728640,3,12,0.029585590,40.8293,1.749479,1,1538122854786973344
m0_default,float,1024,1024,1024,6,6,1,4096,57,18,1,6,1,1.000000,1.000000,8388608,15728640,3,12,0.021180559,101.3894,1.000000,1,5770928844368563325
m1_balanced,float,1024,1024,1024,6,6,1,4096,57,18,1,6,1,1.000000,1.000000,8388608,15728640,3,12,0.021274271,100.9428,0.995595,1,5770928844368563325
m2_detected,float,1024,1024,1024,6,6,1,7680,57,18,1,6,1,1.000000,1.000000,15728640,15728640,3,12,0.021185807,101.3643,0.999752,1,5770928844368563325
m3_per_team,float,1024,1024,1024,6,6,1,7680,57,18,1,6,1,1.000000,1.000000,15728640,15728640,3,12,0.021332714,100.6662,0.992868,1,5770928844368563325
m4_per_sharer,float,1024,1024,1024,6,6,1,1280,57,18,1,6,1,1.000000,1.000000,2621440,15728640,3,12,0.021290523,100.8657,0.994835,1,5770928844368563325
m5_exact,float,1024,1024,1024,6,6,1,7680,57,18,1,6,1,1.000000,1.000000,15728640,15728640,3,12,0.021235760,101.1258,0.997401,1,5770928844368563325
m6_guarded,float,1024,1024,1024,6,6,1,4096,57,18,1,6,1,1.000000,1.000000,8388608,15728640,3,12,0.021223637,101.1836,0.997970,1,5770928844368563325
m7_sharer_gated,float,1024,1024,1024,6,6,1,4096,57,18,1,6,1,1.000000,1.000000,8388608,15728640,3,12,0.021391559,100.3893,0.990136,1,5770928844368563325
m0_default,float,2048,2048,1024,6,6,1,4096,57,36,1,6,1,1.000000,1.000000,8388608,15728640,3,12,0.086166066,99.6905,1.000000,1,1027833826002400883
m1_balanced,float,2048,2048,1024,6,6,1,4096,57,36,1,6,1,1.000000,1.000000,8388608,15728640,3,12,0.086238300,99.6070,0.999162,1,1027833826002400883
m2_detected,float,2048,2048,1024,6,6,1,7680,57,36,1,6,1,1.000000,1.000000,15728640,15728640,3,12,0.086136683,99.7245,1.000341,1,1027833826002400883
m3_per_team,float,2048,2048,1024,6,6,1,7680,57,36,1,6,1,1.000000,1.000000,15728640,15728640,3,12,0.086623749,99.1637,0.994716,1,1027833826002400883
m4_per_sharer,float,2048,2048,1024,6,6,1,1280,57,36,2,6,1,1.000000,1.000000,2621440,15728640,3,12,0.086510720,99.2933,0.996016,1,1027833826002400883
m5_exact,float,2048,2048,1024,6,6,1,7680,57,36,1,6,1,1.000000,1.000000,15728640,15728640,3,12,0.086285497,99.5525,0.998616,1,1027833826002400883
m6_guarded,float,2048,2048,1024,6,6,1,4096,57,36,1,6,1,1.000000,1.000000,8388608,15728640,3,12,0.086506251,99.2984,0.996068,1,1027833826002400883
m7_sharer_gated,float,2048,2048,1024,6,6,1,4096,57,36,1,6,1,1.000000,1.000000,8388608,15728640,3,12,0.086788335,98.9757,0.992830,1,1027833826002400883
m0_default,float,8192,64,1024,6,6,1,4096,63,131,1,6,1,1.007634,1.000000,8388608,15728640,3,12,0.012324362,87.1235,1.000000,1,7656788768322854151
m1_balanced,float,8192,64,1024,6,6,1,4096,63,131,1,6,1,1.007634,1.000000,8388608,15728640,3,12,0.012321803,87.1416,1.000208,1,7656788768322854151
m2_detected,float,8192,64,1024,6,6,1,7680,63,131,1,6,1,1.007634,1.000000,15728640,15728640,3,12,0.012435230,86.3468,0.991084,1,7656788768322854151
m3_per_team,float,8192,64,1024,6,6,1,7680,63,131,1,6,1,1.007634,1.000000,15728640,15728640,3,12,0.012398955,86.5994,0.993984,1,7656788768322854151
m4_per_sharer,float,8192,64,1024,6,6,1,1280,63,131,1,6,1,1.007634,1.000000,2621440,15728640,3,12,0.012297034,87.3171,1.002222,1,7656788768322854151
m5_exact,float,8192,64,1024,6,6,1,7680,63,131,1,6,1,1.007634,1.000000,15728640,15728640,3,12,0.012313837,87.1980,1.000855,1,7656788768322854151
m6_guarded,float,8192,64,1024,6,6,1,4096,63,131,1,6,1,1.007634,1.000000,8388608,15728640,3,12,0.012422056,86.4383,0.992135,1,7656788768322854151
m7_sharer_gated,float,8192,64,1024,6,6,1,4096,63,131,1,6,1,1.007634,1.000000,8388608,15728640,3,12,0.012400308,86.5899,0.993876,1,7656788768322854151
m0_default,float,64,8192,1024,1,6,1,4096,60,2,2,1,1,1.000000,1.000000,8388608,15728640,3,12,0.075201803,14.2781,1.000000,1,15856800422699499802
m1_balanced,float,64,8192,1024,1,6,1,4096,60,2,2,1,1,1.000000,1.000000,8388608,15728640,3,12,0.075101690,14.2972,1.001333,1,15856800422699499802
m2_detected,float,64,8192,1024,1,6,1,7680,60,2,2,1,1,1.000000,1.000000,15728640,15728640,3,12,0.077142921,13.9189,0.974837,1,15856800422699499802
m3_per_team,float,64,8192,1024,1,6,1,7680,60,2,2,1,1,1.000000,1.000000,15728640,15728640,3,12,0.076972668,13.9497,0.976994,1,15856800422699499802
m4_per_sharer,float,64,8192,1024,1,6,1,1280,60,2,7,1,1,1.000000,1.000000,2621440,15728640,3,12,0.072873610,14.7343,1.031948,1,15856800422699499802
m5_exact,float,64,8192,1024,1,6,1,7680,60,2,2,1,1,1.000000,1.000000,15728640,15728640,3,12,0.076984923,13.9474,0.976838,1,15856800422699499802
m6_guarded,float,64,8192,1024,1,6,1,4096,60,2,2,1,1,1.000000,1.000000,8388608,15728640,3,12,0.075174897,14.2832,1.000358,1,15856800422699499802
m7_sharer_gated,float,64,8192,1024,1,6,1,4096,60,2,2,1,1,1.000000,1.000000,8388608,15728640,3,12,0.074982710,14.3199,1.002922,1,15856800422699499802
m0_default,float,64,20480,1024,1,6,1,4096,60,2,5,1,1,1.000000,1.000000,8388608,15728640,3,12,0.188215886,14.2621,1.000000,1,15603592742239249498
m1_balanced,float,64,20480,1024,1,6,1,4096,60,2,5,1,1,1.000000,1.000000,8388608,15728640,3,12,0.188440010,14.2451,0.998811,1,15603592742239249498
m2_detected,float,64,20480,1024,1,6,1,7680,60,2,3,1,1,1.000000,1.000000,15728640,15728640,3,12,0.191636593,14.0075,0.982150,1,15603592742239249498
m3_per_team,float,64,20480,1024,1,6,1,7680,60,2,3,1,1,1.000000,1.000000,15728640,15728640,3,12,0.191248328,14.0360,0.984144,1,15603592742239249498
m4_per_sharer,float,64,20480,1024,1,6,1,1280,60,2,16,1,1,1.000000,1.000000,2621440,15728640,3,12,0.183695176,14.6131,1.024610,1,15603592742239249498
m5_exact,float,64,20480,1024,1,6,1,7680,60,2,3,1,1,1.000000,1.000000,15728640,15728640,3,12,0.190819066,14.0675,0.986358,1,15603592742239249498
m6_guarded,float,64,20480,1024,1,6,1,4096,60,2,5,1,1,1.000000,1.000000,8388608,15728640,3,12,0.188260307,14.2587,0.999764,1,15603592742239249498
m7_sharer_gated,float,64,20480,1024,1,6,1,4096,60,2,5,1,1,1.000000,1.000000,8388608,15728640,3,12,0.188608493,14.2324,0.997918,1,15603592742239249498
