kernel,type,n,gops,peak_gops,efficiency,seconds,reps,correct
v0_naive,int8,64,6.0374,160,0.0377338,8.684e-05,15,1
v1_ikj,int8,64,24.6863,160,0.154289,2.1238e-05,15,1
v2_blocked,int8,64,25.0856,160,0.156785,2.09e-05,15,1
v3_packed,int8,64,11.7488,160,0.0734297,4.4625e-05,15,1
v4_regtile,int8,64,8.26015,160,0.0516259,6.3472e-05,15,1
v5_micro,int8,64,13.5339,160,0.0845866,3.8739e-05,15,1
v0_naive,int8,128,4.22567,160,0.0264104,0.000992577,15,1
v1_ikj,int8,128,28.5609,160,0.178505,0.000146855,15,1
v2_blocked,int8,128,29.1289,160,0.182056,0.000143991,15,1
v3_packed,int8,128,20.9234,160,0.130771,0.00020046,15,1
v4_regtile,int8,128,11.6392,160,0.072745,0.00036036,15,1
v5_micro,int8,128,24.4957,160,0.153098,0.000171226,15,1
v0_naive,int8,256,3.86286,160,0.0241429,0.00868643,8,1
v1_ikj,int8,256,32.459,160,0.202869,0.00103375,15,1
v2_blocked,int8,256,32.5804,160,0.203627,0.0010299,15,1
v3_packed,int8,256,33.5865,160,0.209915,0.000999046,15,1
v4_regtile,int8,256,19.8638,160,0.124149,0.00168923,15,1
v5_micro,int8,256,37.053,160,0.231581,0.000905579,15,1
v0_naive,int8,512,4.31965,160,0.0269978,0.0621428,1,1
v1_ikj,int8,512,33.9692,160,0.212307,0.00790232,12,1
v2_blocked,int8,512,33.8128,160,0.21133,0.00793887,12,1
v3_packed,int8,512,34.5144,160,0.215715,0.00777749,12,1
v4_regtile,int8,512,20.1575,160,0.125984,0.0133169,7,1
v5_micro,int8,512,37.1127,160,0.231954,0.00723298,13,1
v0_naive,int8,1024,2.94196,160,0.0183873,0.729949,1,1
v1_ikj,int8,1024,34.4703,160,0.215439,0.0622996,1,1
v2_blocked,int8,1024,32.8871,160,0.205544,0.0652987,1,1
v3_packed,int8,1024,34.2069,160,0.213793,0.0627793,1,1
v4_regtile,int8,1024,19.7241,160,0.123276,0.108876,1,1
v5_micro,int8,1024,36.0379,160,0.225237,0.0595896,1,1
v0_naive,int8,2048,1.38498,160,0.00865612,12.4044,1,1
v1_ikj,int8,2048,34.5069,160,0.215668,0.497868,1,1
v2_blocked,int8,2048,32.7909,160,0.204943,0.523923,1,1
v3_packed,int8,2048,26.9063,160,0.168165,0.638506,1,1
v4_regtile,int8,2048,19.2059,160,0.120037,0.894508,1,1
v5_micro,int8,2048,36.3538,160,0.227211,0.472574,1,1
v0_naive,int16,64,2.39868,160,0.0149917,0.000218574,15,1
v1_ikj,int16,64,36.0137,160,0.225086,1.4558e-05,15,1
v2_blocked,int16,64,42.4078,160,0.265049,1.2363e-05,15,1
v3_packed,int16,64,31.5817,160,0.197386,1.6601e-05,15,1
v4_regtile,int16,64,18.9788,160,0.118617,2.7625e-05,15,1
v5_micro,int16,64,29.6057,160,0.185036,1.7709e-05,15,1
v0_naive,int16,128,1.88897,160,0.0118061,0.00222042,15,1
v1_ikj,int16,128,43.2318,160,0.270199,9.7019e-05,15,1
v2_blocked,int16,128,43.3856,160,0.27116,9.6675e-05,15,1
v3_packed,int16,128,38.0767,160,0.23798,0.000110154,15,1
v4_regtile,int16,128,21.287,160,0.133044,0.000197036,15,1
v5_micro,int16,128,36.5001,160,0.228126,0.000114912,15,1
v0_naive,int16,256,1.59829,160,0.00998933,0.0209939,4,1
v1_ikj,int16,256,43.3505,160,0.270941,0.000774026,15,1
v2_blocked,int16,256,45.195,160,0.282469,0.000742437,15,1
v3_packed,int16,256,41.7765,160,0.261103,0.00080319,15,1
v4_regtile,int16,256,21.49,160,0.134312,0.0015614,15,1
v5_micro,int16,256,36.5212,160,0.228258,0.000918765,15,1
v0_naive,int16,512,1.55638,160,0.00972739,0.172474,1,1
v1_ikj,int16,512,49.2641,160,0.307901,0.00544891,15,1
v2_blocked,int16,512,44.3869,160,0.277418,0.00604763,15,1
v3_packed,int16,512,41.6118,160,0.260073,0.00645095,15,1
v4_regtile,int16,512,21.6401,160,0.135251,0.0124045,8,1
v5_micro,int16,512,37.15,160,0.232187,0.00722572,13,1
v0_naive,int16,1024,1.37783,160,0.00861143,1.5586,1,1
v1_ikj,int16,1024,49.5725,160,0.309828,0.04332,2,1
v2_blocked,int16,1024,43.9535,160,0.27471,0.0488581,2,1
v3_packed,int16,1024,41.375,160,0.258594,0.0519029,1,1
v4_regtile,int16,1024,21.5493,160,0.134683,0.0996544,1,1
v5_micro,int16,1024,37.0872,160,0.231795,0.0579036,1,1
v0_naive,int16,2048,0.993468,160,0.00620917,17.2928,1,1
v1_ikj,int16,2048,48.1447,160,0.300904,0.356839,1,1
v2_blocked,int16,2048,43.7593,160,0.273496,0.392599,1,1
v3_packed,int16,2048,36.0493,160,0.225308,0.476566,1,1
v4_regtile,int16,2048,13.8727,160,0.0867042,1.2384,1,1
v5_micro,int16,2048,35.3959,160,0.221225,0.485363,1,1
v0_naive,int32,64,12.1871,80,0.152338,4.302e-05,15,1
v1_ikj,int32,64,31.9649,80,0.399561,1.6402e-05,15,1
v2_blocked,int32,64,31.9201,80,0.399002,1.6425e-05,15,1
v3_packed,int32,64,27.338,80,0.341725,1.9178e-05,15,1
v4_regtile,int32,64,19.0858,80,0.238573,2.747e-05,15,1
v5_micro,int32,64,29.4676,80,0.368345,1.7792e-05,15,1
v0_naive,int32,128,6.18747,80,0.0773433,0.000677871,15,1
v1_ikj,int32,128,32.7729,80,0.409661,0.000127981,15,1
v2_blocked,int32,128,34.1795,80,0.427244,0.000122714,15,1
v3_packed,int32,128,32.6024,80,0.407531,0.00012865,15,1
v4_regtile,int32,128,20.5052,80,0.256315,0.000204548,15,1
v5_micro,int32,128,35.3914,80,0.442392,0.000118512,15,1
v0_naive,int32,256,4.48474,80,0.0560592,0.00748191,13,1
v1_ikj,int32,256,26.9467,80,0.336834,0.00124522,15,1
v2_blocked,int32,256,28.2009,80,0.352511,0.00118984,15,1
v3_packed,int32,256,35.0462,80,0.438077,0.000957435,15,1
v4_regtile,int32,256,21.3353,80,0.266691,0.00157272,15,1
v5_micro,int32,256,36.4597,80,0.455746,0.000920316,15,1
v0_naive,int32,512,2.83432,80,0.035429,0.094709,1,1
v1_ikj,int32,512,32.2995,80,0.403744,0.00831082,12,1
v2_blocked,int32,512,32.1885,80,0.402356,0.00833948,12,1
v3_packed,int32,512,34.7918,80,0.434897,0.00771549,12,1
v4_regtile,int32,512,21.436,80,0.26795,0.0125227,7,1
v5_micro,int32,512,36.0863,80,0.451079,0.0074387,13,1
v0_naive,int32,1024,1.04484,80,0.0130605,2.05532,1,1
v1_ikj,int32,1024,31.5149,80,0.393937,0.0681418,1,1
v2_blocked,int32,1024,31.3004,80,0.391255,0.0686089,1,1
v3_packed,int32,1024,32.9277,80,0.411596,0.0652181,1,1
v4_regtile,int32,1024,18.7002,80,0.233752,0.114837,1,1
v5_micro,int32,1024,36.127,80,0.451587,0.0594427,1,1
v0_naive,int32,2048,0.980882,80,0.012261,17.5147,1,1
v1_ikj,int32,2048,23.6457,80,0.295572,0.726553,1,1
v2_blocked,int32,2048,30.7377,80,0.384222,0.558918,1,1
v3_packed,int32,2048,35.3726,80,0.442158,0.485683,1,1
v4_regtile,int32,2048,20.5309,80,0.256636,0.836782,1,1
v5_micro,int32,2048,35.9212,80,0.449014,0.478266,1,1
v0_naive,int64,64,6.79975,40,0.169994,7.7104e-05,15,1
v1_ikj,int64,64,7.79193,40,0.194798,6.7286e-05,15,1
v2_blocked,int64,64,12.8191,40,0.320477,4.0899e-05,15,1
v3_packed,int64,64,11.2687,40,0.281718,4.6526e-05,15,1
v4_regtile,int64,64,10.4906,40,0.262265,4.9977e-05,15,1
v5_micro,int64,64,8.6277,40,0.215692,6.0768e-05,15,1
v0_naive,int64,128,4.34291,40,0.108573,0.000965783,15,1
v1_ikj,int64,128,10.2329,40,0.255823,0.000409884,15,1
v2_blocked,int64,128,13.0547,40,0.326368,0.000321286,15,1
v3_packed,int64,128,12.8194,40,0.320485,0.000327184,15,1
v4_regtile,int64,128,11.6073,40,0.290184,0.000361349,15,1
v5_micro,int64,128,9.38754,40,0.234688,0.000446795,15,1
v0_naive,int64,256,4.19068,40,0.104767,0.00800692,12,1
v1_ikj,int64,256,12.8782,40,0.321956,0.00260552,15,1
v2_blocked,int64,256,12.8431,40,0.321078,0.00261264,15,1
v3_packed,int64,256,13.1481,40,0.328703,0.00255203,15,1
v4_regtile,int64,256,11.7679,40,0.294196,0.00285136,15,1
v5_micro,int64,256,9.64773,40,0.241193,0.00347796,15,1
v0_naive,int64,512,1.1517,40,0.0287925,0.233078,1,1
v1_ikj,int64,512,11.8281,40,0.295703,0.0226947,4,1
v2_blocked,int64,512,11.8244,40,0.29561,0.0227018,4,1
v3_packed,int64,512,12.693,40,0.317324,0.0211484,4,1
v4_regtile,int64,512,11.3656,40,0.284141,0.0236182,4,1
v5_micro,int64,512,9.43579,40,0.235895,0.0284486,3,1
v0_naive,int64,1024,1.04887,40,0.0262217,2.04743,1,1
v1_ikj,int64,1024,12.1297,40,0.303243,0.177043,1,1
v2_blocked,int64,1024,12.3517,40,0.308792,0.173862,1,1
v3_packed,int64,1024,13.0982,40,0.327455,0.163952,1,1
v4_regtile,int64,1024,11.5655,40,0.289137,0.18568,1,1
v5_micro,int64,1024,9.55441,40,0.23886,0.224764,1,1
v0_naive,int64,2048,0.63694,40,0.0159235,26.9725,1,1
v1_ikj,int64,2048,5.71893,40,0.142973,3.00404,1,1
v2_blocked,int64,2048,11.5382,40,0.288455,1.48896,1,1
v3_packed,int64,2048,12.8976,40,0.322439,1.33203,1,1
v4_regtile,int64,2048,11.6988,40,0.292471,1.46851,1,1
v5_micro,int64,2048,9.57181,40,0.239295,1.79484,1,1
v0_naive,fp16,64,3.23461,160,0.0202163,0.000162087,15,1
v1_ikj,fp16,64,3.90534,160,0.0244084,0.000134249,15,1
v2_blocked,fp16,64,4.02595,160,0.0251622,0.000130227,15,1
v3_packed,fp16,64,24.5741,160,0.153588,2.1335e-05,15,1
v4_regtile,fp16,64,18.3484,160,0.114678,2.8574e-05,15,1
v5_micro,fp16,64,6.74412,160,0.0421508,7.774e-05,15,1
v0_naive,fp16,128,3.26451,160,0.0204032,0.00128482,15,1
v1_ikj,fp16,128,4.60986,160,0.0288116,0.000909855,15,1
v2_blocked,fp16,128,4.72153,160,0.0295096,0.000888336,15,1
v3_packed,fp16,128,28.2148,160,0.176343,0.000148656,15,1
v4_regtile,fp16,128,20.3985,160,0.127491,0.000205618,15,1
v5_micro,fp16,128,7.23317,160,0.0452073,0.000579871,15,1
v0_naive,fp16,256,3.24808,160,0.0203005,0.0103305,9,1
v1_ikj,fp16,256,4.98419,160,0.0311512,0.00673217,14,1
v2_blocked,fp16,256,5.09567,160,0.031848,0.00658489,15,1
v3_packed,fp16,256,30.4083,160,0.190052,0.00110346,15,1
v4_regtile,fp16,256,21.2048,160,0.13253,0.0015824,15,1
v5_micro,fp16,256,7.26109,160,0.0453818,0.00462113,15,1
v0_naive,fp16,512,3.16061,160,0.0197538,0.0849314,1,1
v1_ikj,fp16,512,5.19262,160,0.0324539,0.0516955,1,1
v2_blocked,fp16,512,5.08684,160,0.0317927,0.0527706,1,1
v3_packed,fp16,512,30.4956,160,0.190598,0.00880242,11,1
v4_regtile,fp16,512,20.9584,160,0.13099,0.012808,7,1
v5_micro,fp16,512,7.32952,160,0.0458095,0.0366239,2,1
v0_naive,fp16,1024,1.36862,160,0.00855389,1.56908,1,1
v1_ikj,fp16,1024,5.36634,160,0.0335396,0.400177,1,1
v2_blocked,fp16,1024,5.07236,160,0.0317023,0.42337,1,1
v3_packed,fp16,1024,30.3796,160,0.189872,0.0706884,1,1
v4_regtile,fp16,1024,21.2938,160,0.133086,0.10085,1,1
v5_micro,fp16,1024,7.32773,160,0.0457983,0.293063,1,1
v0_naive,fp16,2048,1.00716,160,0.00629476,17.0577,1,1
v1_ikj,fp16,2048,5.44117,160,0.0340073,3.15739,1,1
v2_blocked,fp16,2048,5.0212,160,0.0313825,3.42147,1,1
v3_packed,fp16,2048,29.8553,160,0.186596,0.575438,1,1
v4_regtile,fp16,2048,20.9328,160,0.13083,0.820714,1,1
v5_micro,fp16,2048,7.28802,160,0.0455501,2.35728,1,1
v0_naive,fp32,64,6.62097,160,0.0413811,7.9186e-05,15,1
v1_ikj,fp32,64,43.1335,160,0.269585,1.2155e-05,15,1
v2_blocked,fp32,64,42.4938,160,0.265586,1.2338e-05,15,1
v3_packed,fp32,64,32.8029,160,0.205018,1.5983e-05,15,1
v4_regtile,fp32,64,20.2303,160,0.126439,2.5916e-05,15,1
v5_micro,fp32,64,6.99732,160,0.0437332,7.4927e-05,15,1
v0_naive,fp32,128,4.981,160,0.0311312,0.000842061,15,1
v1_ikj,fp32,128,47.701,160,0.298131,8.7929e-05,15,1
v2_blocked,fp32,128,38.8002,160,0.242501,0.0001081,15,1
v3_packed,fp32,128,32.9785,160,0.206116,0.000127183,15,1
v4_regtile,fp32,128,21.2185,160,0.132616,0.000197672,15,1
v5_micro,fp32,128,7.34503,160,0.0459064,0.00057104,15,1
v0_naive,fp32,256,4.44444,160,0.0277777,0.00754976,13,1
v1_ikj,fp32,256,44.5225,160,0.278266,0.000753651,15,1
v2_blocked,fp32,256,39.7307,160,0.248317,0.000844547,15,1
v3_packed,fp32,256,30.7872,160,0.19242,0.00108988,15,1
v4_regtile,fp32,256,21.3237,160,0.133273,0.00157358,15,1
v5_micro,fp32,256,7.34677,160,0.0459173,0.00456724,15,1
v0_naive,fp32,512,2.94149,160,0.0183843,0.0912582,1,1
v1_ikj,fp32,512,38.3232,160,0.23952,0.00700451,14,1
v2_blocked,fp32,512,36.6952,160,0.229345,0.00731528,13,1
v3_packed,fp32,512,29.9478,160,0.187174,0.00896345,11,1
v4_regtile,fp32,512,21.2905,160,0.133066,0.0126082,7,1
v5_micro,fp32,512,7.38124,160,0.0461328,0.0363673,2,1
v0_naive,fp32,1024,1.05101,160,0.0065688,2.04326,1,1
v1_ikj,fp32,1024,32.4424,160,0.202765,0.0661937,1,1
v2_blocked,fp32,1024,32.2305,160,0.201441,0.0666289,1,1
v3_packed,fp32,1024,34.5712,160,0.21607,0.0621176,1,1
v4_regtile,fp32,1024,23.3026,160,0.145641,0.0921566,1,1
v5_micro,fp32,1024,7.36804,160,0.0460502,0.291459,1,1
v0_naive,fp32,2048,1.01676,160,0.00635474,16.8967,1,1
v1_ikj,fp32,2048,20.8116,160,0.130072,0.825496,1,1
v2_blocked,fp32,2048,21.3066,160,0.133166,0.806317,1,1
v3_packed,fp32,2048,28.5603,160,0.178502,0.60153,1,1
v4_regtile,fp32,2048,21.0453,160,0.131533,0.81633,1,1
v5_micro,fp32,2048,7.34411,160,0.0459007,2.33927,1,1
v0_naive,fp64,64,7.78291,80,0.0972864,6.7364e-05,15,1
v1_ikj,fp64,64,19.4217,80,0.242771,2.6995e-05,15,1
v2_blocked,fp64,64,21.5393,80,0.269241,2.4341e-05,15,1
v3_packed,fp64,64,16.6774,80,0.208468,3.1437e-05,15,1
v4_regtile,fp64,64,19.6069,80,0.245086,2.674e-05,15,1
v5_micro,fp64,64,7.65082,80,0.0956353,6.8527e-05,15,1
v0_naive,fp64,128,4.41244,80,0.0551555,0.000950563,15,1
v1_ikj,fp64,128,13.4413,80,0.168016,0.000312047,15,1
v2_blocked,fp64,128,21.6881,80,0.271101,0.000193392,15,1
v3_packed,fp64,128,19.0072,80,0.23759,0.000220669,15,1
v4_regtile,fp64,128,23.6428,80,0.295535,0.000177403,15,1
v5_micro,fp64,128,8.33699,80,0.104212,0.000503096,15,1
v0_naive,fp64,256,4.5312,80,0.05664,0.0074052,13,1
v1_ikj,fp64,256,18.5411,80,0.231764,0.00180973,15,1
v2_blocked,fp64,256,20.1535,80,0.251919,0.00166494,15,1
v3_packed,fp64,256,19.9792,80,0.24974,0.00167947,15,1
v4_regtile,fp64,256,24.1421,80,0.301776,0.00138987,15,1
v5_micro,fp64,256,8.40774,80,0.105097,0.0039909,15,1
v0_naive,fp64,512,1.18001,80,0.0147501,0.227486,1,1
v1_ikj,fp64,512,16.5429,80,0.206786,0.0162266,6,1
v2_blocked,fp64,512,19.2136,80,0.24017,0.0139711,7,1
v3_packed,fp64,512,14.5651,80,0.182064,0.01843,5,1
v4_regtile,fp64,512,19.4073,80,0.242591,0.0138317,7,1
v5_micro,fp64,512,8.43491,80,0.105436,0.0318243,3,1
v0_naive,fp64,1024,1.07551,80,0.0134439,1.99671,1,1
v1_ikj,fp64,1024,15.7769,80,0.197211,0.136116,1,1
v2_blocked,fp64,1024,18.5723,80,0.232154,0.115628,1,1
v3_packed,fp64,1024,19.1723,80,0.239654,0.11201,1,1
v4_regtile,fp64,1024,23.6861,80,0.296076,0.0906643,1,1
v5_micro,fp64,1024,8.23467,80,0.102933,0.260786,1,1
v0_naive,fp64,2048,0.638629,80,0.00798287,26.9012,1,1
v1_ikj,fp64,2048,6.33831,80,0.0792288,2.71048,1,1
v2_blocked,fp64,2048,12.4912,80,0.15614,1.37536,1,1
v3_packed,fp64,2048,17.2184,80,0.21523,0.997765,1,1
v4_regtile,fp64,2048,23.7736,80,0.29717,0.722645,1,1
v5_micro,fp64,2048,8.32161,80,0.10402,2.06449,1,1
